Nombre,Precio
Dodge Gtx - De Colección,20000 dólares
Dodge,26000 dólares
Dodge Gtx,30000 dólares
Dodge Gtx,500000 pesos
Dodge Cupe Dodge Gtx 6 Cil,435000 pesos
Dodge Gtx V8 - 1971 - Excelente Estado,28900 dólares
Dodge Gtx 1970,16000 dólares
Dodge Polara Rt,12500 dólares
Dodge Gtx,25500 dólares
Dodge Gtx V8,25000 dólares
Dodge Gtx V8,23000 dólares
Dodge Gtx V8,16000 dólares
Dodge Gtx Polara Rt,230000 pesos
Dodge Gtx Modelo 1973,9000 dólares
Dodge Coupé Polara R/t Gtx,17500 dólares
Dodge Gtx,25000 dólares
Dodge Gtx V8 72,16000 dólares
Dodge Gtx,20000 dólares
Camioneta Dodge Desoto 100 - 1964,6500 dólares
Dodge Coronado,1000000 pesos
Dodge Coronado,4900 dólares
Dodge 1500 1971 1971,4500 dólares
Dodge Crahysler V200,800000 pesos
Dodge M37,8000 dólares
Cupe Fuego Gtx,9500 dólares
Dodge Brother 1937 1937,30000 dólares
Dodge 1500 Año 1973 1500,4500 dólares
Dodge 1500 De Coleccion Año 1980,7500 dólares
Dodge Coronado,10000 dólares
Renault Fuego Gtx,8000 dólares
Dodge M37b1,63000 dólares
Dodge Coronado Coronado,7500 dólares
Dodge Avenger 1995 Coupe De Coleccion,1850000 pesos
Dodge Avenger 1995 Coupe De Coleccion,9500 dólares
Dodge Pick Up M 601 4x4 Todo Terreno,11900 dólares
Dodge 1936 Convertib 1936,17000 dólares
Dodge Modelo 1500,4300 dólares
Dodge Coronado,430000 pesos
Dodge Ram Vam V6 Aut,20000 dólares
Dodge Polara 1969,6500 dólares
Dodge Jeepon Dodge Camion,14000 dólares
Dodge D-100,15000 dólares
Valiant 2 Titular Al Dia 1963,8000 dólares
Renault Fuego Gtx Coupe 1982,5000 dólares
Dodge D100,550000 pesos
Juan Bueno Dodge D100,500000 pesos
Renault Coupé Fuego Gtx 2.0,9999 dólares
Dodge Coronado,100000 pesos
"Dodge Polara Mod 70 Con Gnc , Arranca Frena Y Dobka",170000 pesos
Dodge 1947 Sedan 4 Ptas 1947,2900 dólares
Dodge M 601 - Ideal Coleccionistas!!!,14500 dólares
Dodge Chrysler 1500,400000 pesos
Chrysler Royal 1940 ( No Ford / Plymouth / Desoto / Dodge ),8000 dólares
Dodge 1941,590 dólares
"Camión Gaz 51 Gorky 4x4 No Ford, Chevrolet, Dodge, Mercedes",1200 dólares
Camioneta Dodge Desoto 100 - 1964,6500 dólares
Dodge Coronado,4900 dólares
Dodge 1500 1971 1971,4500 dólares
Dodge Crahysler V200,800000 pesos
Dodge Brother 1937 1937,30000 dólares
Dodge 1500 Año 1973 1500,4500 dólares
Dodge 1500 De Coleccion Año 1980,7500 dólares
Dodge Coronado,10000 dólares
Renault Fuego Gtx,8000 dólares
Dodge Coronado Coronado,7500 dólares
Dodge Avenger 1995 Coupe De Coleccion,1850000 pesos
Dodge Avenger 1995 Coupe De Coleccion,9500 dólares
Dodge Modelo 1500,4300 dólares
Dodge Polara 1969,6500 dólares
Dodge Jeepon Dodge Camion,14000 dólares
Dodge D-100,15000 dólares
Valiant 2 Titular Al Dia 1963,8000 dólares
Juan Bueno Dodge D100,500000 pesos
Renault Coupé Fuego Gtx 2.0,9999 dólares
Dodge Coronado,100000 pesos
Dodge 1500 1500,400000 pesos
Dodge Dart Swinguer,15000 dólares
Renault Fuego Gtx Coupe Fuego,5500 dólares
Dodge 1937,3500 dólares
Desoto,200000 pesos
Dodge Dodge,10000 dólares
Dodge 1500 (año 1973) Todo Original De Colección,4000 dólares
Dodge Coronado,1500000 pesos
Dodge 1500,5000 dólares
Renault Renault Fuego Gtx2.0,6600 dólares
Renault Coupe Fuego Gtx 1982 Original Classic Collection,5500 dólares
Dodge Polara,420000 pesos
Dodge Brothers 1934 1934,40000 dólares
Dodge Valiant,6000 dólares
Volkswagen Dodge 1500,350000 pesos
Dodge Brother 1936,22000 dólares
Dodge Coronado 1970,7000 dólares
Dodge 1500 Modelo 7,200000 pesos
Dodge Coronado,680000 pesos
Dodge M 601 4 X 4 M 601,1900000 pesos
Dodge 1500,7200 dólares
Dodge Polara,410000 pesos
Dodge 1500 1987,5000 dólares
Renault Fuego Gtx,450000 pesos
Dodge Polara Rt,8000 dólares
Dodge Valiant 3,12000 dólares
Dodge1500 1.8 Sedan,950000 pesos
Renault Fuego Gtx 2.0,7500 dólares
Dodge 1940 - Impecable-original,7700 dólares
Dodge Rt,17000 dólares
Dodge Modelo 7,8000 dólares
Dodge Camion Jeepon,5000 dólares
Dodge Coronado,2500 dólares
Dodge 1500 Dodge 1500,530000 pesos
Jeepon Dodge M37 Jeepon Dodge M37,17000 dólares
Dodge 100,1400000 pesos
Dogge 1981,600000 pesos
Dodge Brothers,5000 dólares
Dodge M601,2100000 pesos
Dodge D100,750000 pesos
